1,0.7002928256988525,0.2674192488193512,-0.33929744362831116,0.9994818568229675
1,0.7189048528671265,0.25470873713493347,-0.37207141518592834,0.999313235282898
1,0.72603440284729,0.2548288404941559,-0.372206449508667,0.9994019269943237
1,0.7336677312850952,0.2549741566181183,-0.3722136914730072,0.9993283748626709
1,0.7083615064620972,0.25427988171577454,-0.3075123727321625,0.9993793964385986
1,0.7076540589332581,0.2539229989051819,-0.3075045347213745,0.9992538094520569
1,0.7071840167045593,0.2534954249858856,-0.3075265884399414,0.9991969466209412
1,0.7675340175628662,0.2609141170978546,-0.3942437767982483,0.9991304278373718
1,0.7369031310081482,0.25784459710121155,-0.09761031717061996,0.9985211491584778
1,0.7150117754936218,0.281172513961792,-0.33572450280189514,0.9987986087799072
1,0.702196478843689,0.2803325057029724,-0.25007164478302,0.9980207681655884
1,0.8020956516265869,0.3221210837364197,-0.5321493148803711,0.9995015859603882
1,0.7384353876113892,0.329010933637619,0.20331218838691711,0.9984046816825867
1,0.6038835644721985,0.37571239471435547,-0.6101877689361572,0.9809312224388123
1,0.6365870833396912,0.38544541597366333,0.4576537609100342,0.13721014559268951
1,0.42027705907821655,0.33553120493888855,-0.4898562431335449,0.9584679007530212
1,0.5885100364685059,0.3590809404850006,0.48719364404678345,0.3989475667476654
1,0.371628075838089,0.32506880164146423,-0.5345388650894165,0.948613166809082
1,0.5731234550476074,0.34983357787132263,0.4949054718017578,0.4199085831642151
1,0.3764970600605011,0.3165934681892395,-0.5339971780776978,0.9481215476989746
1,0.5736242532730103,0.3427213430404663,0.4691329002380371,0.41511598229408264
1,0.3947058916091919,0.3203439712524414,-0.4829826354980469,0.9175372123718262
1,0.5767637491226196,0.34621670842170715,0.47177666425704956,0.38498827815055847
1,0.7730785608291626,0.5237351059913635,-0.20344632863998413,0.9995952248573303
1,0.7028118968009949,0.5196830630302429,0.2031400203704834,0.9991356730461121
1,0.7814329266548157,0.6626390218734741,-0.11707840114831924,0.9832203388214111
1,0.6920418739318848,0.633790910243988,0.4930344521999359,0.9123309850692749
1,0.7906521558761597,0.7843830585479736,0.07719414681196213,0.9942479133605957
1,0.6994127035140991,0.7300547361373901,0.8803253769874573,0.9495983123779297
1,0.81142258644104,0.8070554733276367,0.08712707459926605,0.9693072438240051
1,0.7212901711463928,0.7509273290634155,0.9140619039535522,0.9062851667404175
1,0.6995856761932373,0.8290802240371704,-0.11234117299318314,0.9938464760780334
1,0.5930808186531067,0.7524187564849854,0.8552870750427246,0.9757664799690247
2,0.7011668682098389,0.26662394404411316,-0.31962305307388306,0.9994093775749207
2,0.7198089361190796,0.25379523634910583,-0.3597378134727478,0.9992116689682007
2,0.7268094420433044,0.2540201246738434,-0.3598591387271881,0.9993288516998291
2,0.7343522906303406,0.25420963764190674,-0.35985085368156433,0.9992512464523315
2,0.7092062830924988,0.2530026435852051,-0.2945461571216583,0.9992610216140747
2,0.7082781195640564,0.25255483388900757,-0.2945971190929413,0.9991360306739807
2,0.707653284072876,0.2519875466823578,-0.2946431040763855,0.9990607500076294
2,0.769787609577179,0.26051396131515503,-0.39890268445014954,0.9990575909614563
2,0.737034797668457,0.2567980885505676,-0.100943922996521,0.9982628226280212
2,0.7151838541030884,0.28083935379981995,-0.3257419168949127,0.9987422227859497
2,0.7025914788246155,0.2798948287963867,-0.23976701498031616,0.9978547692298889
2,0.8022727966308594,0.3231148421764374,-0.5345903635025024,0.9995078444480896
2,0.7463531494140625,0.3281598687171936,0.18901324272155762,0.9983570575714111
2,0.615874707698822,0.3877539038658142,-0.600490152835846,0.9800435304641724
2,0.6369265913963318,0.39004403352737427,0.328130841255188,0.1370960921049118
2,0.45392149686813354,0.34370243549346924,-0.44952312111854553,0.9567542672157288
2,0.5820056200027466,0.3555743396282196,0.19366586208343506,0.4009709656238556
2,0.4025433361530304,0.33249086141586304,-0.48176291584968567,0.9466922879219055
2,0.5635557174682617,0.3454968333244324,0.1784592717885971,0.4227878749370575
2,0.40324515104293823,0.32254746556282043,-0.4817906618118286,0.9461190700531006
2,0.5665040016174316,0.33892759680747986,0.15702307224273682,0.41820406913757324
2,0.4231625497341156,0.32619380950927734,-0.4392143785953522,0.9143356084823608
2,0.5735377073287964,0.34233909845352173,0.17487236857414246,0.38811227679252625
2,0.7729997634887695,0.5232397317886353,-0.20351248979568481,0.9995893836021423
2,0.7028035521507263,0.5178676843643188,0.20319576561450958,0.9991315007209778
2,0.7812113165855408,0.6621233820915222,-0.11711365729570389,0.9840339422225952
2,0.6922206282615662,0.6317708492279053,0.5048121809959412,0.9141168594360352
2,0.786375880241394,0.7839869856834412,0.01318393461406231,0.9945384860038757
2,0.6992431879043579,0.7287487387657166,0.880490779876709,0.9503693580627441
2,0.8070202469825745,0.8061270713806152,0.013615966774523258,0.9697183966636658
2,0.7213143110275269,0.7493093013763428,0.913936972618103,0.905209481716156
2,0.6977843642234802,0.8290112614631653,-0.21018435060977936,0.9941093325614929
2,0.6007007956504822,0.7521626353263855,0.8541006445884705,0.9761481285095215
3,0.7018589377403259,0.2653409242630005,-0.34165218472480774,0.9994326233863831
3,0.7203945517539978,0.25259020924568176,-0.3983563780784607,0.9992499351501465
3,0.7271493077278137,0.2528625428676605,-0.39839717745780945,0.9993605613708496
3,0.7346137762069702,0.25303831696510315,-0.3984081745147705,0.9992873668670654
3,0.7102647423744202,0.2515285909175873,-0.3265552520751953,0.9992877244949341
3,0.7093533277511597,0.25096529722213745,-0.326661080121994,0.9991728067398071
3,0.7088198065757751,0.25022321939468384,-0.32672789692878723,0.9991058707237244
3,0.7709025144577026,0.25943318009376526,-0.491701602935791,0.9991193413734436
3,0.7386552691459656,0.2549937963485718,-0.16662052273750305,0.9983603954315186
3,0.7155374884605408,0.2802563011646271,-0.3641142249107361,0.9988256096839905
3,0.7033589482307434,0.2791161835193634,-0.27062368392944336,0.9979951977729797
3,0.8024041056632996,0.3280434310436249,-0.5916576981544495,0.9995273351669312
3,0.7537186741828918,0.3257657289505005,0.11988285928964615,0.9984681606292725
3,0.6354497671127319,0.4057064950466156,-0.5507816076278687,0.9783074855804443
3,0.6481736302375793,0.39237987995147705,0.24468305706977844,0.1449369490146637
3,0.5122897624969482,0.3559662699699402,-0.24653832614421844,0.9511313438415527
3,0.578786313533783,0.3520413637161255,0.08620145171880722,0.4150407612323761
3,0.47322753071784973,0.341923326253891,-0.24972890317440033,0.9395254254341125
3,0.5567399859428406,0.3375805616378784,0.0674697682261467,0.4353717267513275
3,0.4864247739315033,0.3319639563560486,-0.25980377197265625,0.938938319683075
3,0.5580234527587891,0.33115315437316895,0.04721621051430702,0.4312424957752228
3,0.5036169290542603,0.33596450090408325,-0.23511067032814026,0.9056223630905151
3,0.5662416815757751,0.33680686354637146,0.06711576879024506,0.40099453926086426
3,0.771687924861908,0.5229440927505493,-0.20398098230361938,0.9995905756950378
3,0.7030624151229858,0.5165644288063049,0.2036622166633606,0.9991644620895386
3,0.7806251645088196,0.6611916422843933,-0.10401169210672379,0.9848794937133789
3,0.6927341222763062,0.6317450404167175,0.527204692363739,0.916547417640686
3,0.7849874496459961,0.7822788953781128,0.034116145223379135,0.9947696924209595
3,0.6992218494415283,0.7284193634986877,0.9109910726547241,0.9510287046432495
3,0.8053489923477173,0.8038656115531921,0.03230796009302139,0.9701158404350281
3,0.7214606404304504,0.7484704852104187,0.9437394142150879,0.9043852686882019
3,0.6967273950576782,0.8283789753913879,-0.19700887799263,0.994364857673645
3,0.6046755313873291,0.7518478631973267,0.8946949243545532,0.9765666127204895
4,0.703841507434845,0.26425784826278687,-0.4917452037334442,0.999482274055481
4,0.7238930463790894,0.25163599848747253,-0.5372406840324402,0.9993161559104919
4,0.7315210103988647,0.2520262598991394,-0.5372492671012878,0.9994166493415833
4,0.7399474382400513,0.2523115575313568,-0.5372975468635559,0.9993495345115662
4,0.7119892835617065,0.250438392162323,-0.46855834126472473,0.9993481040000916
4,0.7105363011360168,0.24989113211631775,-0.4686661958694458,0.9992431402206421
4,0.7095490097999573,0.24919161200523376,-0.468658983707428,0.9991813898086548
4,0.7767195105552673,0.25932735204696655,-0.5730327367782593,0.9992015361785889
4,0.7381017804145813,0.2537842094898224,-0.26457205414772034,0.9985005855560303
4,0.7187528014183044,0.2799301743507385,-0.49120238423347473,0.9989351034164429
4,0.7047649025917053,0.2784629166126251,-0.40289807319641113,0.9981788396835327
4,0.8100453615188599,0.33610787987709045,-0.6411375403404236,0.9995638728141785
4,0.7424811720848083,0.32157593965530396,0.05304700508713722,0.9985881447792053
4,0.6847618818283081,0.4272090792655945,-0.5821433067321777,0.9781942367553711
4,0.6496958136558533,0.38118815422058105,0.09717574715614319,0.16056743264198303
4,0.5612852573394775,0.371359646320343,-0.34588295221328735,0.9498531818389893
4,0.5710322260856628,0.3484145402908325,-0.17160123586654663,0.4373910427093506
4,0.5218615531921387,0.3552398979663849,-0.35981178283691406,0.9361842274665833
4,0.5334776043891907,0.3290635645389557,-0.20098260045051575,0.45530956983566284
4,0.5354928374290466,0.34446391463279724,-0.3616056740283966,0.9354785680770874
4,0.5379651188850403,0.32161688804626465,-0.2137637734413147,0.4512898623943329
4,0.5512763261795044,0.3491918444633484,-0.3322340250015259,0.9012764692306519
4,0.557227611541748,0.33124443888664246,-0.18986432254314423,0.42169758677482605
4,0.7718945741653442,0.5230658650398254,-0.20410065352916718,0.9996083974838257
4,0.7039633393287659,0.5160821676254272,0.20376858115196228,0.9992128014564514
4,0.7807286381721497,0.6604059934616089,-0.06224130094051361,0.9858821034431458
4,0.6947883367538452,0.631573498249054,0.5951537489891052,0.9184188842773438
4,0.7848661541938782,0.7809930443763733,0.1256938874721527,0.9950080513954163
4,0.6993178725242615,0.7268956899642944,1.0554550886154175,0.9512994885444641
4,0.8050071001052856,0.8024215698242188,0.13228414952754974,0.9702105522155762
4,0.7221860289573669,0.747398853302002,1.0946475267410278,0.9026674628257751
4,0.6965855956077576,0.8279500007629395,-0.10791150480508804,0.9946182370185852
4,0.6065552830696106,0.7508960962295532,1.0281556844711304,0.976774275302887
5,0.708078920841217,0.26400068402290344,-0.5327231287956238,0.9995096921920776
5,0.7280882000923157,0.25135770440101624,-0.5690133571624756,0.9993451833724976
5,0.7360135316848755,0.25173133611679077,-0.5690473318099976,0.999442458152771
5,0.7446652054786682,0.2519972324371338,-0.5691372752189636,0.9993764162063599
5,0.7149888873100281,0.25024038553237915,-0.503515899181366,0.9993614554405212
5,0.7128711938858032,0.24973848462104797,-0.503607451915741,0.9992606043815613
5,0.7112519145011902,0.24909090995788574,-0.5036801695823669,0.9991955757141113
5,0.7822079062461853,0.2592023015022278,-0.5710597038269043,0.9992477893829346
5,0.73785001039505,0.25344836711883545,-0.2756141424179077,0.9985508918762207
5,0.7233363389968872,0.2796388268470764,-0.5197562575340271,0.9990196824073792
5,0.7082802057266235,0.278192937374115,-0.4353003203868866,0.998316764831543
5,0.8292938470840454,0.34086281061172485,-0.6197059154510498,0.9995949864387512
5,0.7163840532302856,0.317101389169693,0.031457848846912384,0.9986973404884338
5,0.7273496985435486,0.4377537667751312,-0.6676459908485413,0.9787768125534058
5,0.5849153399467468,0.3547995984554291,0.11079759895801544,0.21810629963874817
5,0.5897828936576843,0.379822313785553,-0.6401662826538086,0.9517543315887451
5,0.5094502568244934,0.31510910391807556,-0.16624830663204193,0.4836374819278717
5,0.5579019784927368,0.3623516261577606,-0.6926949620246887,0.9374441504478455
5,0.4755557179450989,0.2978608012199402,-0.20485526323318481,0.4974081516265869
5,0.5666082501411438,0.3534967303276062,-0.6914968490600586,0.9366425275802612
5,0.4823046922683716,0.29408055543899536,-0.2389143854379654,0.4942420721054077
5,0.5752893090248108,0.35603293776512146,-0.6313180327415466,0.9023553729057312
5,0.4992813467979431,0.3017128109931946,-0.1940782070159912,0.46645691990852356
5,0.7762035727500916,0.5227733850479126,-0.19797730445861816,0.9996110796928406
5,0.7032216787338257,0.5145242214202881,0.19767841696739197,0.9992392063140869
5,0.7808695435523987,0.658373236656189,-0.07438583672046661,0.986858069896698
5,0.6947678327560425,0.6315151453018188,0.5857989192008972,0.9207631945610046
5,0.7844365239143372,0.7796179056167603,0.12898699939250946,0.9952372908592224
5,0.699381947517395,0.7260954976081848,1.1032854318618774,0.9516187906265259
5,0.8035678267478943,0.8009706735610962,0.13826929032802582,0.9702568650245667
5,0.7227787375450134,0.7468315362930298,1.1471540927886963,0.901856541633606
5,0.6963087916374207,0.8263007998466492,-0.1110716164112091,0.9948086738586426
5,0.6077896952629089,0.7508700489997864,1.0410252809524536,0.976747989654541
6,0.7162479758262634,0.2641276717185974,-0.5718400478363037,0.9995474815368652
6,0.7363883852958679,0.2514011263847351,-0.5933732986450195,0.9993903040885925
6,0.7445590496063232,0.25176694989204407,-0.5934015512466431,0.999479353427887
6,0.7544540166854858,0.25202688574790955,-0.5934826731681824,0.9994175434112549
6,0.7212129235267639,0.2503117322921753,-0.5376710891723633,0.999397873878479
6,0.7184431552886963,0.2498176395893097,-0.5377259254455566,0.9992976188659668
6,0.7159345149993896,0.2491776943206787,-0.5377931594848633,0.9992318749427795
6,0.7890900373458862,0.25920751690864563,-0.5424180030822754,0.9993007779121399
6,0.7379171848297119,0.2533358931541443,-0.2876257002353668,0.998635470867157
6,0.7325559854507446,0.27964454889297485,-0.5387245416641235,0.9991060495376587
6,0.7150891423225403,0.27820175886154175,-0.4669078290462494,0.9984622001647949
6,0.8457831740379333,0.34422725439071655,-0.5862138271331787,0.9996256232261658
6,0.7071002125740051,0.3148433566093445,0.027357492595911026,0.9987980127334595
6,0.7696483135223389,0.44561129808425903,-0.6622925400733948,0.9794946312904358
6,0.5640357732772827,0.3366657793521881,0.17865465581417084,0.2835511565208435
6,0.6356618404388428,0.39124494791030884,-0.7363983392715454,0.9545255303382874
6,0.4651874899864197,0.2991780638694763,-0.007751454133540392,0.5286096334457397
6,0.6074062585830688,0.37582647800445557,-0.791465699672699,0.9401484727859497
6,0.41613897681236267,0.28737086057662964,-0.03175235912203789,0.5374923348426819
6,0.611522912979126,0.36691075563430786,-0.7873257398605347,0.9393012523651123
6,0.4209524691104889,0.28374454379081726,-0.08098626881837845,0.5353721380233765
6,0.6196935176849365,0.36847230792045593,-0.7283557653427124,0.9058481454849243
6,0.44178542494773865,0.2889512777328491,-0.03939645364880562,0.5101918578147888
6,0.7825022339820862,0.5217072367668152,-0.1880977600812912,0.9996235966682434
6,0.7030289769172668,0.5116065740585327,0.18780909478664398,0.9992554783821106
6,0.7808904647827148,0.6554908156394958,-0.08260805159807205,0.987866222858429
6,0.6947513818740845,0.6305946707725525,0.6082408428192139,0.9232461452484131
6,0.7838594913482666,0.7787434458732605,0.08405466377735138,0.9955100417137146
6,0.6994185447692871,0.7230206727981567,1.1436070203781128,0.9516838192939758
6,0.8022826910018921,0.8000327348709106,0.08691488951444626,0.97055584192276
6,0.722795844078064,0.7443866729736328,1.1875975131988525,0.9003435373306274
6,0.6963639855384827,0.8257454037666321,-0.20352543890476227,0.9950387477874756
6,0.6105673313140869,0.7508797645568848,1.0687657594680786,0.9764040112495422
7,0.7233095765113831,0.264122873544693,-0.6726922392845154,0.9995890259742737
7,0.7430630922317505,0.25124481320381165,-0.6792187094688416,0.9994447231292725
7,0.7519641518592834,0.2515828013420105,-0.6792061924934387,0.9995247721672058
7,0.762820839881897,0.25186970829963684,-0.6793580055236816,0.9994683861732483
7,0.7271230220794678,0.2501906752586365,-0.6319353580474854,0.9994486570358276
7,0.7237707376480103,0.249698206782341,-0.632022500038147,0.9993546605110168
7,0.7203159928321838,0.24911513924598694,-0.6320271492004395,0.9992930889129639
7,0.795176088809967,0.25910845398902893,-0.5711567997932434,0.9993609189987183
7,0.7382774353027344,0.2530982792377472,-0.356423556804657,0.998748242855072
7,0.7386101484298706,0.2795230448246002,-0.621125340461731,0.9991893172264099
7,0.7198197841644287,0.27805382013320923,-0.5602571964263916,0.9986042380332947
7,0.855328381061554,0.34529754519462585,-0.5759938359260559,0.9996443390846252
7,0.698116660118103,0.311998575925827,-0.04271898418664932,0.9988742470741272
7,0.7990280389785767,0.45528626441955566,-0.7014167308807373,0.9802155494689941
7,0.5431589484214783,0.31594693660736084,0.10228152573108673,0.3499418795108795
7,0.66951584815979,0.39999690651893616,-0.8391757607460022,0.9568273425102234
7,0.4129660725593567,0.2850778102874756,-0.05412708967924118,0.5709529519081116
7,0.6403989195823669,0.3848264515399933,-0.899666428565979,0.9416636228561401
7,0.3652448356151581,0.27871546149253845,-0.07643713057041168,0.5746722221374512
7,0.6450849175453186,0.3756330609321594,-0.8823298811912537,0.9407929182052612
7,0.3697066307067871,0.27558887004852295,-0.14239388704299927,0.5737025141716003
7,0.6532366275787354,0.37681862711906433,-0.8291146159172058,0.9081369638442993
7,0.38442909717559814,0.2788471579551697,-0.09206067025661469,0.5513284802436829
7,0.7841397523880005,0.5196374654769897,-0.17951372265815735,0.9996366500854492
7,0.7025471329689026,0.5092931985855103,0.1791040599346161,0.9992691278457642
7,0.780699610710144,0.6526001691818237,-0.11163674294948578,0.9886952638626099
7,0.6946223974227905,0.627829372882843,0.6046985387802124,0.9228416085243225
7,0.7835551500320435,0.778056263923645,0.04210641235113144,0.9957095384597778
7,0.6994326114654541,0.7206989526748657,1.1265594959259033,0.9504774808883667
7,0.8019945621490479,0.79914790391922,0.0449095256626606,0.9705080986022949
7,0.7227395176887512,0.7423123717308044,1.1696221828460693,0.8957319855690002
7,0.6966899633407593,0.824488639831543,-0.23320549726486206,0.9951620101928711
7,0.6116988658905029,0.7505074739456177,1.0534164905548096,0.9751973152160645
8,0.7300415635108948,0.26394838094711304,-0.6598804593086243,0.9996272921562195
8,0.7492768168449402,0.25098487734794617,-0.6644371747970581,0.9994953274726868
8,0.759425938129425,0.25134825706481934,-0.6644113063812256,0.9995672702789307
8,0.7706207036972046,0.2516789436340332,-0.664592444896698,0.9995155930519104
8,0.7325564026832581,0.24989385902881622,-0.6175904870033264,0.9994965195655823
8,0.7288856506347656,0.24934837222099304,-0.617669403553009,0.9994093179702759
8,0.7248055338859558,0.24876394867897034,-0.61762535572052,0.9993517398834229
8,0.800894021987915,0.25877970457077026,-0.5506024956703186,0.9994184970855713
8,0.7390927672386169,0.25264838337898254,-0.336121529340744,0.9988588094711304
8,0.745085597038269,0.27920517325401306,-0.6055970788002014,0.9992659687995911
8,0.7250270247459412,0.2776884436607361,-0.5452142357826233,0.9987353086471558
8,0.8625157475471497,0.3456489145755768,-0.5254303216934204,0.9996626973152161
8,0.696208655834198,0.310001939535141,-0.033207960426807404,0.9989494681358337
8,0.8240569233894348,0.4577602744102478,-0.6742761135101318,0.9807960391044617
8,0.5364294052124023,0.302165687084198,0.10026602447032928,0.41112205386161804
8,0.6941694617271423,0.40245065093040466,-0.7618952393531799,0.9581779837608337
8,0.377716600894928,0.2775230407714844,-0.04170012101531029,0.6093372702598572
8,0.6626960039138794,0.38659805059432983,-0.8144431114196777,0.9414737820625305
8,0.32728293538093567,0.2751803994178772,-0.0659320056438446,0.6079713702201843
8,0.6677060127258301,0.37862762808799744,-0.7934014797210693,0.9404541850090027
8,0.3273269534111023,0.27247491478919983,-0.13427288830280304,0.6081665754318237
8,0.6766008138656616,0.37989917397499084,-0.7501720190048218,0.9080540537834167
8,0.3437497913837433,0.2741731107234955,-0.08159585297107697,0.5886988639831543
8,0.783597469329834,0.5195351839065552,-0.17012713849544525,0.9996558427810669
8,0.6992700099945068,0.5093542337417603,0.1697724312543869,0.9992992877960205
8,0.7806668877601624,0.6526733040809631,-0.10263626277446747,0.9894320368766785
8,0.6938842535018921,0.6279515027999878,0.6044636964797974,0.9229581952095032
8,0.7832723259925842,0.7773215770721436,0.08913271129131317,0.9958383440971375
8,0.6994342803955078,0.7198227643966675,1.156426191329956,0.9492669701576233
8,0.8017785549163818,0.7985356450080872,0.09662379324436188,0.9698533415794373
8,0.7227357625961304,0.7413550615310669,1.2030214071273804,0.8912383913993835
8,0.6968275904655457,0.8239482641220093,-0.23049966990947723,0.995151162147522
8,0.6117876172065735,0.7500299215316772,1.0785490274429321,0.9736400246620178
9,0.7326869368553162,0.2636285722255707,-0.6318459510803223,0.9996616244316101
9,0.7521485090255737,0.25061240792274475,-0.6406514644622803,0.9995407462120056
9,0.7625443935394287,0.25107884407043457,-0.6406082510948181,0.999605119228363
9,0.7736830115318298,0.25151368975639343,-0.6407648324966431,0.9995576739311218
9,0.7354929447174072,0.2492961585521698,-0.5922828912734985,0.9995396137237549
9,0.7319046258926392,0.24862678349018097,-0.5923839807510376,0.9994587302207947
9,0.7279641628265381,0.24795952439308167,-0.5923402905464172,0.9994056224822998
9,0.8036240339279175,0.2586783468723297,-0.5393239259719849,0.9994702339172363
9,0.7404821515083313,0.2521061301231384,-0.3179217576980591,0.9989606142044067
9,0.7470313310623169,0.2788134515285492,-0.5823332667350769,0.9993358850479126
9,0.7274371385574341,0.2772548198699951,-0.5196261405944824,0.9988553524017334
9,0.8651949763298035,0.3448900580406189,-0.5004686117172241,0.9996800422668457
9,0.6940312385559082,0.30810195207595825,-0.03674093261361122,0.9990318417549133
9,0.8503535985946655,0.45657795667648315,-0.6722500920295715,0.9813904762268066
9,0.5338194370269775,0.29752328991889954,0.08665740489959717,0.4674963355064392
9,0.7121565341949463,0.4036884307861328,-0.8285982012748718,0.9583855867385864
9,0.365824431180954,0.2774706184864044,-0.06299002468585968,0.644821047782898
9,0.6810038685798645,0.389775812625885,-0.8893988132476807,0.9392313957214355
9,0.3148427903652191,0.27513188123703003,-0.09344607591629028,0.6391298174858093
9,0.6892367601394653,0.379896342754364,-0.8670132756233215,0.9378587603569031
9,0.31463149189949036,0.27346286177635193,-0.16533567011356354,0.6402802467346191
9,0.6978558897972107,0.38103777170181274,-0.8186858296394348,0.905009925365448
9,0.33043673634529114,0.27533987164497375,-0.10507887601852417,0.6233866214752197
9,0.7832937240600586,0.5193135142326355,-0.16442887485027313,0.99967360496521
9,0.6946617364883423,0.508948802947998,0.16404911875724792,0.9993310570716858
9,0.7805232405662537,0.65191650390625,-0.08956369012594223,0.990095317363739
9,0.6930564045906067,0.6277405023574829,0.5980095863342285,0.9232891798019409
9,0.7830896973609924,0.7768309116363525,0.12005763500928879,0.9959099292755127
9,0.6994515657424927,0.7197656035423279,1.150661826133728,0.9484379887580872
9,0.8016992211341858,0.7981497645378113,0.12859611213207245,0.9686297178268433
9,0.7233162522315979,0.7415167093276978,1.1968555450439453,0.8882357478141785
9,0.6971885561943054,0.8236891627311707,-0.19576133787631989,0.9950553178787231
9,0.6117143630981445,0.7499871850013733,1.0612742900848389,0.9724230766296387
10,0.735534131526947,0.2634824216365814,-0.6586089730262756,0.9996888041496277
10,0.7553405165672302,0.2503144145011902,-0.6644989252090454,0.9995750188827515
10,0.7658727169036865,0.2508445680141449,-0.664465606212616,0.9996328949928284
10,0.7768834233283997,0.25135165452957153,-0.6646322011947632,0.9995888471603394
10,0.7380823493003845,0.24895498156547546,-0.6191115379333496,0.9995683431625366
10,0.7344476580619812,0.24823351204395294,-0.6192334294319153,0.9994899034500122
10,0.730421781539917,0.24752625823020935,-0.6191879510879517,0.9994391798973083
10,0.8059473037719727,0.258558452129364,-0.5497524738311768,0.9995093941688538
10,0.7410513162612915,0.2516191303730011,-0.341169536113739,0.999033510684967
10,0.7499339580535889,0.2786073088645935,-0.6044170260429382,0.9993959665298462
10,0.7293546795845032,0.277041494846344,-0.545110285282135,0.9989572167396545
10,0.8693904280662537,0.34451696276664734,-0.5099347829818726,0.9996987581253052
10,0.6905809640884399,0.30680686235427856,-0.060503534972667694,0.9991043210029602
10,0.8679722547531128,0.4560577869415283,-0.7706534266471863,0.9823652505874634
10,0.5324639081954956,0.29816770553588867,0.08014845103025436,0.5183557868003845
10,0.7278231978416443,0.4089859426021576,-1.0815703868865967,0.9593995809555054
10,0.36163610219955444,0.27785712480545044,-0.0727081298828125,0.677152156829834
10,0.69331955909729,0.39394205808639526,-1.1697744131088257,0.9388387799263
10,0.312811017036438,0.2748883068561554,-0.10728838294744492,0.668138325214386
10,0.7003280520439148,0.3830801844596863,-1.1474361419677734,0.9372482895851135
10,0.3135838508605957,0.27251920104026794,-0.18237100541591644,0.6700165271759033
10,0.7087379693984985,0.3840400278568268,-1.0765496492385864,0.9042160511016846
10,0.3284086287021637,0.2746656835079193,-0.11571652442216873,0.6551533341407776
10,0.7829688191413879,0.5190623998641968,-0.1608988344669342,0.9996885061264038
10,0.6919510960578918,0.508176863193512,0.16051386296749115,0.9993516206741333
10,0.7805300951004028,0.6503593921661377,-0.08934652805328369,0.9907325506210327
10,0.6909649968147278,0.6262344121932983,0.5908055901527405,0.924284040927887
10,0.7826694250106812,0.7761674523353577,0.12101966887712479,0.995984673500061
10,0.6994579434394836,0.7199628353118896,1.143950343132019,0.9480131268501282
10,0.8013478517532349,0.7975425124168396,0.1293002814054489,0.9674122929573059
10,0.7234851121902466,0.7416694164276123,1.1896610260009766,0.8859766721725464
10,0.6973395943641663,0.8234261274337769,-0.18230311572551727,0.9949413537979126
10,0.6114790439605713,0.7499880790710449,1.04604172706604,0.9714805483818054
11,0.7423136234283447,0.2631635367870331,-0.6801432967185974,0.9997090101242065
11,0.7641117572784424,0.24971261620521545,-0.6719086170196533,0.9995981454849243
11,0.7753316164016724,0.25023868680000305,-0.6719287633895874,0.9996507167816162
11,0.786862850189209,0.25078943371772766,-0.672145664691925,0.9996093511581421
11,0.7424439191818237,0.24837033450603485,-0.6347483396530151,0.9995830059051514
11,0.7380638122558594,0.2476927936077118,-0.6348563432693481,0.9995006918907166
11,0.7336590886116028,0.24699874222278595,-0.6347869634628296,0.9994459748268127
11,0.8108946681022644,0.25777071714401245,-0.5309766530990601,0.9995364546775818
11,0.7412995100021362,0.2508675158023834,-0.3369535505771637,0.999065101146698
11,0.7605688571929932,0.2782291769981384,-0.608745813369751,0.9994447231292725
11,0.7332344651222229,0.27669888734817505,-0.5598411560058594,0.9990361928939819
11,0.8725466132164001,0.34409213066101074,-0.47296616435050964,0.9997162818908691
11,0.6888046264648438,0.3064490556716919,-0.029287632554769516,0.9991462826728821
11,0.8730921149253845,0.4562690258026123,-0.7449337244033813,0.9834209680557251
11,0.5322335958480835,0.30166107416152954,0.13110759854316711,0.5627493858337402
11,0.732485294342041,0.40961137413978577,-1.0844742059707642,0.9611351490020752
11,0.3637126386165619,0.27928370237350464,-0.010364480316638947,0.7056794166564941
11,0.6971752643585205,0.3957977890968323,-1.1752456426620483,0.9400275349617004
11,0.3143634498119354,0.27475184202194214,-0.03473377227783203,0.6935182809829712
11,0.7029682993888855,0.38389086723327637,-1.15402352809906,0.9384821057319641
11,0.31429097056388855,0.27141493558883667,-0.09788746386766434,0.6961414813995361
11,0.7110222578048706,0.3848291337490082,-1.0805050134658813,0.9060015678405762
11,0.32967478036880493,0.27384305000305176,-0.044292960315942764,0.6829860806465149
11,0.7827692031860352,0.5190558433532715,-0.15814481675624847,0.9996984601020813
11,0.6889229416847229,0.508068859577179,0.1577806919813156,0.9993479251861572
11,0.7804822325706482,0.6499695181846619,-0.09245352447032928,0.9912474751472473
11,0.686983585357666,0.6255522966384888,0.5687620639801025,0.9242528676986694
11,0.7821268439292908,0.775909960269928,0.11869282275438309,0.9959749579429626
11,0.6994575262069702,0.7201411128044128,1.1173287630081177,0.9469330906867981
11,0.8002561926841736,0.7969890832901001,0.12786465883255005,0.9658182859420776
11,0.7235646843910217,0.7417421340942383,1.161955714225769,0.8834055662155151
11,0.6981961131095886,0.8234021067619324,-0.17629078030586243,0.9946244955062866
11,0.6116331815719604,0.7500320672988892,1.0392976999282837,0.9697306156158447
12,0.746698260307312,0.26286178827285767,-0.7189919352531433,0.9997276067733765
12,0.7692517042160034,0.2491818219423294,-0.7013788223266602,0.9996204376220703
12,0.780499279499054,0.24976250529289246,-0.7014300227165222,0.9996687769889832
12,0.7918480038642883,0.25039908289909363,-0.7016944885253906,0.999630868434906
12,0.7448864579200745,0.24777229130268097,-0.6694523096084595,0.9995975494384766
12,0.7399284243583679,0.24714656174182892,-0.6695289611816406,0.9995104670524597
12,0.734866738319397,0.2464837282896042,-0.6694461703300476,0.9994498491287231
12,0.8131628036499023,0.2573980689048767,-0.5249875783920288,0.9995628595352173
12,0.7411502599716187,0.2502431273460388,-0.35559913516044617,0.9990840554237366
12,0.7662842869758606,0.2779388129711151,-0.6363036036491394,0.9994884133338928
12,0.7352555394172668,0.27637988328933716,-0.5940156579017639,0.9991037845611572
12,0.8722159266471863,0.3436030447483063,-0.47286465764045715,0.9997351765632629
12,0.6828973293304443,0.3070090413093567,-0.023859122768044472,0.9991675615310669
12,0.8740019202232361,0.45601606369018555,-0.7725480198860168,0.9845077991485596
12,0.5289216637611389,0.3069228529930115,0.13820727169513702,0.6019233465194702
12,0.7418867945671082,0.41155877709388733,-1.1764086484909058,0.9634230732917786
12,0.36516499519348145,0.28061309456825256,0.020915308967232704,0.7317119240760803
12,0.7042386531829834,0.3995102047920227,-1.273688793182373,0.9425978660583496
12,0.3147081732749939,0.274776816368103,-0.0036986086051911116,0.7172388434410095
12,0.7085749506950378,0.38623306155204773,-1.2528159618377686,0.941246747970581
12,0.31382986903190613,0.27097612619400024,-0.07479463517665863,0.7204635143280029
12,0.7167374491691589,0.3865826725959778,-1.1740354299545288,0.9100006818771362
12,0.3289265036582947,0.2735669016838074,-0.03079521656036377,0.7085502743721008
12,0.782669723033905,0.5191970467567444,-0.15957924723625183,0.9997065663337708
12,0.6866022944450378,0.5082837343215942,0.15921169519424438,0.9993284940719604
12,0.7804876565933228,0.6501725912094116,-0.09493453055620193,0.9916645884513855
12,0.6837933659553528,0.6257085800170898,0.5687796473503113,0.9229724407196045
12,0.7810108661651611,0.7760125398635864,0.11710862815380096,0.9959471225738525
12,0.6993366479873657,0.7206694483757019,1.1305553913116455,0.9451757073402405
12,0.7985221147537231,0.7971075773239136,0.12683624029159546,0.9643781781196594
12,0.7234848141670227,0.741850733757019,1.1764543056488037,0.8806009292602539
12,0.6981971859931946,0.823269248008728,-0.17297999560832977,0.9942752122879028
12,0.6114733219146729,0.7500624060630798,1.0331884622573853,0.9678048491477966
13,0.749733567237854,0.26284024119377136,-0.7236567139625549,0.99974125623703
13,0.7726394534111023,0.24902446568012238,-0.7046504020690918,0.9996350407600403
13,0.7839663028717041,0.2496374398469925,-0.7046985030174255,0.9996803402900696
13,0.7951503396034241,0.25030282139778137,-0.7049580216407776,0.999645471572876
13,0.7466402053833008,0.2475491762161255,-0.6753268837928772,0.9996024370193481
13,0.741298258304596,0.24698574841022491,-0.6754117608070374,0.9995080828666687
13,0.736116886138916,0.24637246131896973,-0.6753230094909668,0.9994398355484009
13,0.8147177696228027,0.257345050573349,-0.515519917011261,0.9995817542076111
13,0.741031289100647,0.25011804699897766,-0.3634275197982788,0.9990820288658142
13,0.7695106267929077,0.27791884541511536,-0.6387066841125488,0.9995250701904297
13,0.7369352579116821,0.27633243799209595,-0.599622905254364,0.9991592168807983
13,0.8719870448112488,0.34336212277412415,-0.4669739603996277,0.9997524619102478
13,0.6793474555015564,0.3075887858867645,-0.027598287910223007,0.9991899132728577
13,0.8719536066055298,0.4572213292121887,-0.7684140801429749,0.9854938983917236
13,0.5246915221214294,0.31202393770217896,0.14502564072608948,0.6372931599617004
13,0.7410892248153687,0.4126645028591156,-1.1837518215179443,0.9654862880706787
13,0.3619842529296875,0.28383368253707886,0.035520534962415695,0.7552710175514221
13,0.7037947177886963,0.4005776345729828,-1.2821195125579834,0.9450030326843262
13,0.31423527002334595,0.2778511643409729,0.008559450507164001,0.738900363445282
13,0.7064576745033264,0.3871021270751953,-1.2637643814086914,0.9438437223434448
13,0.3160107731819153,0.27338749170303345,-0.061822932213544846,0.7426448464393616
13,0.7147064208984375,0.3874266743659973,-1.1827385425567627,0.913814902305603
13,0.33011022210121155,0.2762022316455841,-0.021482359617948532,0.7317307591438293
13,0.7819693088531494,0.519543468952179,-0.15823298692703247,0.9997131824493408
13,0.6832367777824402,0.5083092451095581,0.1578526496887207,0.9993118643760681
13,0.7802334427833557,0.6502038240432739,-0.0936904028058052,0.9920338988304138
13,0.6811885237693787,0.6258501410484314,0.5620004534721375,0.9230262637138367
13,0.7795512080192566,0.7760829925537109,0.13345716893672943,0.9959387183189392
13,0.6982768774032593,0.7211024761199951,1.1205544471740723,0.9447192549705505
13,0.7963229417800903,0.797119677066803,0.14476777613162994,0.9628934264183044
13,0.7227189540863037,0.74201899766922,1.1658809185028076,0.8793440461158752
13,0.6982017755508423,0.8232803344726562,-0.15108579397201538,0.9940071105957031
13,0.6113466620445251,0.750618577003479,1.0311765670776367,0.9668391346931458
14,0.7527295351028442,0.2626776695251465,-0.7256196141242981,0.999755322933197
14,0.7755519151687622,0.2488361895084381,-0.7020575404167175,0.9996517896652222
14,0.7866100668907166,0.24948112666606903,-0.7020958662033081,0.9996938109397888
14,0.7973877787590027,0.25015756487846375,-0.7023197412490845,0.9996612071990967
14,0.7481706142425537,0.24736399948596954,-0.6757252812385559,0.9996111392974854
14,0.7422283887863159,0.24686232209205627,-0.6758062839508057,0.9995115399360657
14,0.7368099689483643,0.2462986260652542,-0.6757099628448486,0.9994369745254517
14,0.8148839473724365,0.25729888677597046,-0.49366793036460876,0.9996014833450317
14,0.7403239011764526,0.2501262426376343,-0.3606376647949219,0.9990886449813843
14,0.7721758484840393,0.27771395444869995,-0.6362504363059998,0.9995602965354919
14,0.7381212711334229,0.27607184648513794,-0.6010168194770813,0.9992145299911499
14,0.8713200092315674,0.3442043662071228,-0.4469509422779083,0.999770998954773
14,0.6754044890403748,0.30766335129737854,-0.02190897800028324,0.9992104768753052
14,0.8632631897926331,0.4586939215660095,-0.7499964237213135,0.986434280872345
14,0.5205377340316772,0.31250932812690735,0.1714019924402237,0.6685498356819153
14,0.7336450219154358,0.4113801121711731,-1.1824839115142822,0.9677835702896118
14,0.3640211224555969,0.28675395250320435,0.06016286090016365,0.7763869166374207
14,0.6976357102394104,0.39944249391555786,-1.2852212190628052,0.9480504393577576
14,0.3173133134841919,0.28051990270614624,0.033855389803647995,0.7582865953445435
14,0.6986751556396484,0.38653892278671265,-1.2654776573181152,0.9470677375793457
14,0.31982728838920593,0.27620232105255127,-0.04686840996146202,0.7624762058258057
14,0.7073501348495483,0.38722577691078186,-1.1815704107284546,0.918489396572113
14,0.33391284942626953,0.279175341129303,0.011872099712491035,0.7523692846298218
14,0.7789075970649719,0.5203334093093872,-0.15749891102313995,0.9997237920761108
14,0.6781368851661682,0.5091469287872314,0.15712624788284302,0.9992990493774414
14,0.7786495685577393,0.6505334377288818,-0.10131345689296722,0.9924871325492859
14,0.6790862679481506,0.627183198928833,0.5619181394577026,0.9233201742172241
14,0.7768542170524597,0.777797520160675,0.1266934871673584,0.996070384979248
14,0.6959028244018555,0.7218469381332397,1.1494942903518677,0.9449031949043274
14,0.7940030694007874,0.7984827160835266,0.13696981966495514,0.9617864489555359
14,0.7198271751403809,0.7421538829803467,1.1973718404769897,0.878984808921814
14,0.6974257230758667,0.8243399858474731,-0.16909246146678925,0.99398273229599
14,0.6102597117424011,0.7523473501205444,1.0349295139312744,0.9666016697883606
15,0.7537917494773865,0.262675017118454,-0.7237969040870667,0.9997673034667969
15,0.7769180536270142,0.2488156259059906,-0.6987580060958862,0.9996651411056519
15,0.7878707647323608,0.2494727373123169,-0.6987977027893066,0.9997044801712036
15,0.7984655499458313,0.25015610456466675,-0.6989962458610535,0.9996741414070129
15,0.7485170960426331,0.247348353266716,-0.6759116649627686,0.9996164441108704
15,0.7423065900802612,0.2468651831150055,-0.6759784817695618,0.9995108842849731
15,0.7366348505020142,0.2463214099407196,-0.6758797764778137,0.9994286894798279
15,0.8149079084396362,0.2573227286338806,-0.482064813375473,0.9996170997619629
15,0.7380244731903076,0.2501539885997772,-0.36926621198654175,0.9990812540054321
15,0.7726272344589233,0.27770674228668213,-0.633318305015564,0.9995903372764587
15,0.7380361557006836,0.2760452628135681,-0.6027470231056213,0.9992590546607971
15,0.8697670102119446,0.3448491394519806,-0.44098636507987976,0.9997888803482056
15,0.67158442735672,0.308841347694397,-0.02888673171401024,0.999219536781311
15,0.8559437394142151,0.4588903486728668,-0.7298791408538818,0.9873431324958801
15,0.517898678779602,0.3292042016983032,0.16907621920108795,0.6960020661354065
15,0.72232985496521,0.40912485122680664,-1.1279659271240234,0.9700814485549927
15,0.3683010935783386,0.2928372025489807,0.026873724535107613,0.7953816056251526
15,0.687655508518219,0.39733728766441345,-1.226995587348938,0.9512662887573242
15,0.32363730669021606,0.2828643023967743,-0.00360531616024673,0.7759169936180115
15,0.6886729598045349,0.38466888666152954,-1.2090812921524048,0.9504228830337524
15,0.32732123136520386,0.2771725356578827,-0.07907237857580185,0.7805054783821106
15,0.697384238243103,0.38562679290771484,-1.1267170906066895,0.9234145283699036
15,0.3417149484157562,0.2793671786785126,-0.015347041189670563,0.7709605693817139
15,0.7773534059524536,0.520633339881897,-0.15578842163085938,0.9997304081916809
15,0.6771453022956848,0.509954571723938,0.15540841221809387,0.9992613792419434
15,0.777308464050293,0.6506384611129761,-0.1154535710811615,0.9929176568984985
15,0.6782516837120056,0.6277340054512024,0.5555559992790222,0.9225911498069763
15,0.7750398516654968,0.7792667746543884,0.09697174280881882,0.9961957931518555
15,0.6945437788963318,0.7223316431045532,1.134577989578247,0.944786787033081
15,0.7917277812957764,0.7998191118240356,0.10460910946130753,0.9605696201324463
15,0.7185006737709045,0.7422627806663513,1.180979609489441,0.8782073855400085
15,0.6962727308273315,0.8256528973579407,-0.20631994307041168,0.9939796924591064
15,0.6088652014732361,0.7529218196868896,1.0330249071121216,0.9664040207862854
16,0.7543348670005798,0.2627096176147461,-0.7578699588775635,0.9997662901878357
16,0.7774909138679504,0.24882987141609192,-0.7316965460777283,0.9996582865715027
16,0.7885279059410095,0.24951088428497314,-0.7317622900009155,0.9996960759162903
16,0.7990642786026001,0.2502363324165344,-0.7319701910018921,0.9996689558029175
16,0.7485673427581787,0.24736544489860535,-0.7100268006324768,0.9995909929275513
16,0.7422031760215759,0.24687545001506805,-0.7101141810417175,0.9994655847549438
16,0.7364104390144348,0.24636538326740265,-0.7100542187690735,0.9993669986724854
16,0.8149165511131287,0.2578308582305908,-0.5005740523338318,0.9996057748794556
16,0.7359797954559326,0.25058895349502563,-0.40384334325790405,0.9989616870880127
16,0.7727786302566528,0.2778066396713257,-0.6662415862083435,0.9996019601821899
16,0.7378103733062744,0.27609050273895264,-0.6370595097541809,0.9992598295211792
16,0.8687003254890442,0.34754693508148193,-0.45443013310432434,0.9998025298118591
16,0.6669932007789612,0.3132503032684326,-0.055566661059856415,0.9991958141326904
16,0.8472492694854736,0.4611439108848572,-0.742588222026825,0.9880804419517517
16,0.519254744052887,0.3509281277656555,0.1564444601535797,0.7183398604393005
16,0.7140874862670898,0.40744122862815857,-1.174684762954712,0.9721007943153381
16,0.3754901587963104,0.30665451288223267,0.005086921155452728,0.8120810985565186
16,0.6813052296638489,0.39523935317993164,-1.2774219512939453,0.9541385769844055
16,0.33276498317718506,0.2928239703178406,-0.025261124595999718,0.7915217280387878
16,0.6841098070144653,0.3829219937324524,-1.2589426040649414,0.9534233808517456
16,0.3362226188182831,0.2857317328453064,-0.10100909322500229,0.7965121865272522
16,0.6921217441558838,0.38397911190986633,-1.1736419200897217,0.9277519583702087
16,0.3496937155723572,0.29011639952659607,-0.035736437886953354,0.7873289585113525
16,0.7758813500404358,0.5221008062362671,-0.157104030251503,0.9997292757034302
16,0.6768935918807983,0.5121794939041138,0.15672361850738525,0.9991905689239502
16,0.7762684226036072,0.6510214805603027,-0.11562381684780121,0.9932721257209778
16,0.6778930425643921,0.6284617185592651,0.5680408477783203,0.9201080799102783
16,0.7739679217338562,0.7801607847213745,0.09706030040979385,0.9962717890739441
16,0.6920517683029175,0.7232142090797424,1.168378233909607,0.9440215826034546
16,0.7899225950241089,0.800560474395752,0.10491233319044113,0.9593120217323303
16,0.7167581915855408,0.7427876591682434,1.2176299095153809,0.8772722482681274
16,0.6939789652824402,0.8279274106025696,-0.19614611566066742,0.9939277768135071
16,0.6075818538665771,0.7537832856178284,1.0596463680267334,0.9660722017288208
17,0.7526413798332214,0.26354357600212097,-0.7681626081466675,0.9997715353965759
17,0.775478184223175,0.24966773390769958,-0.7459986209869385,0.9996644854545593
17,0.7864819169044495,0.2504781484603882,-0.7460868954658508,0.999700129032135
17,0.7969327569007874,0.25140801072120667,-0.7463017106056213,0.9996768236160278
17,0.7477814555168152,0.2479810267686844,-0.7203598618507385,0.9995890259742737
17,0.7417030930519104,0.24757497012615204,-0.7204590439796448,0.9994552731513977
17,0.7360044121742249,0.24713397026062012,-0.7204222083091736,0.9993488192558289
17,0.8141365051269531,0.2594829797744751,-0.533501923084259,0.999610424041748
17,0.732591986656189,0.25209659337997437,-0.41579174995422363,0.9989194273948669
17,0.770752489566803,0.27900028228759766,-0.6823459267616272,0.9996216893196106
17,0.7373393774032593,0.2771095931529999,-0.6477707028388977,0.999279797077179
17,0.8681060075759888,0.3491305410861969,-0.5066632032394409,0.9998164772987366
17,0.6636412143707275,0.32258373498916626,-0.05279313772916794,0.9991858005523682
17,0.8447791934013367,0.46116095781326294,-0.7868407368659973,0.9888869524002075
17,0.5231918692588806,0.3724769353866577,0.20253817737102509,0.7357270121574402
17,0.7081847190856934,0.4069477915763855,-1.2212971448898315,0.9741747379302979
17,0.38032203912734985,0.32022595405578613,0.10545727610588074,0.8268253803253174
17,0.6745837926864624,0.3925698399543762,-1.324189305305481,0.9572026133537292
17,0.3425722122192383,0.30429309606552124,0.0875292643904686,0.8052648305892944
17,0.6778528690338135,0.3821336627006531,-1.30628502368927,0.9566106796264648
17,0.34677746891975403,0.2974310517311096,0.01542626228183508,0.8105505108833313
17,0.6861789226531982,0.38364019989967346,-1.2194890975952148,0.9323679804801941
17,0.35681721568107605,0.3022717833518982,0.06864441186189651,0.8014054894447327
17,0.7753046751022339,0.5287940502166748,-0.16176539659500122,0.99973464012146
17,0.6773026585578918,0.5198611617088318,0.16136212646961212,0.9991577863693237
17,0.7752143740653992,0.6563137769699097,-0.10132313519716263,0.9935390949249268
17,0.6781831383705139,0.631118893623352,0.611478328704834,0.9165693521499634
17,0.7726735472679138,0.7827758193016052,0.14384746551513672,0.9962993264198303
17,0.6905154585838318,0.7246695756912231,1.2399038076400757,0.9425851702690125
17,0.7888901829719543,0.8029922246932983,0.1561237871646881,0.9588249325752258
17,0.7151360511779785,0.7442259192466736,1.2925997972488403,0.8762632608413696
17,0.6928515434265137,0.830374538898468,-0.1440529227256775,0.993895411491394
17,0.6062832474708557,0.7546135187149048,1.1423063278198242,0.965702474117279
18,0.7515742182731628,0.2653771638870239,-0.784216582775116,0.9997846484184265
18,0.7741620540618896,0.251640260219574,-0.7675532698631287,0.999682605266571
18,0.7850367426872253,0.2525308132171631,-0.7676499485969543,0.9997158050537109
18,0.7954704165458679,0.25352802872657776,-0.7678319215774536,0.9996945858001709
18,0.7476902604103088,0.2496069371700287,-0.7396804690361023,0.99960857629776
18,0.7412912845611572,0.24914856255054474,-0.7397844791412354,0.999479353427887
18,0.7345665693283081,0.24864491820335388,-0.739768922328949,0.999375581741333
18,0.813883364200592,0.26131877303123474,-0.5753011703491211,0.9996277689933777
18,0.7302820086479187,0.2535339295864105,-0.44370579719543457,0.9989579319953918
18,0.7696378827095032,0.28084442019462585,-0.704062283039093,0.9996472001075745
18,0.7368409633636475,0.27875879406929016,-0.6664131283760071,0.999321699142456
18,0.8666165471076965,0.3507372736930847,-0.5555755496025085,0.999829888343811
18,0.665709912776947,0.3270423412322998,-0.06706957519054413,0.9992067813873291
18,0.8305027484893799,0.46166282892227173,-0.7865835428237915,0.9896121025085449
18,0.5244945287704468,0.3927627205848694,0.2645920515060425,0.7486108541488647
18,0.686307966709137,0.40264973044395447,-1.1617149114608765,0.975970983505249
18,0.41385236382484436,0.3389199376106262,0.27290746569633484,0.8405551910400391
18,0.6518662571907043,0.38793402910232544,-1.2508732080459595,0.959803581237793
18,0.37235623598098755,0.3198000192642212,0.27225905656814575,0.818532407283783
18,0.6575237512588501,0.3779691159725189,-1.2411220073699951,0.9593470096588135
18,0.37706995010375977,0.31189635396003723,0.21267031133174896,0.8237917423248291
18,0.6664965748786926,0.38126859068870544,-1.1607327461242676,0.9363640546798706
18,0.39083051681518555,0.3170049488544464,0.24499931931495667,0.8145197629928589
18,0.7737906575202942,0.5339272022247314,-0.16486965119838715,0.9997442364692688
18,0.6774868369102478,0.5251693725585938,0.16442999243736267,0.9991686940193176
18,0.7745339274406433,0.6618613600730896,-0.05599372088909149,0.9938099980354309
18,0.6783959865570068,0.6343804001808167,0.6358615756034851,0.9161925911903381
18,0.7716258764266968,0.7857264876365662,0.2077365219593048,0.9963733553886414
18,0.6902672648429871,0.7272665500640869,1.2667970657348633,0.943269670009613
18,0.7879315614700317,0.8058196306228638,0.22296689450740814,0.9593790769577026
18,0.7149578332901001,0.7469385862350464,1.3207138776779175,0.8780982494354248
18,0.6911146640777588,0.8328819274902344,-0.05823880806565285,0.994014322757721
18,0.6050501465797424,0.7548705339431763,1.1864315271377563,0.9665778875350952
19,0.7508442401885986,0.26819324493408203,-0.7702850103378296,0.9998030662536621
19,0.7733826637268066,0.25474053621292114,-0.7575157880783081,0.9997093081474304
19,0.7841692566871643,0.2555736005306244,-0.7575865983963013,0.9997393488883972
19,0.7945535182952881,0.25641363859176636,-0.7577224969863892,0.9997197985649109
19,0.7474663853645325,0.2524452805519104,-0.7272745966911316,0.9996412992477417
19,0.7408024072647095,0.25182831287384033,-0.7273555397987366,0.9995224475860596
19,0.7336010336875916,0.25121763348579407,-0.7273408770561218,0.9994266629219055
19,0.8137702345848083,0.2636447846889496,-0.5755759477615356,0.9996586441993713
19,0.7293799519538879,0.25592756271362305,-0.4332643747329712,0.9990423917770386
19,0.7687419652938843,0.28364476561546326,-0.6934504508972168,0.9996787905693054
19,0.7367531061172485,0.28174179792404175,-0.6530982851982117,0.9993810653686523
19,0.8657646179199219,0.35206541419029236,-0.5500975847244263,0.9998427629470825
19,0.6673235893249512,0.33066481351852417,-0.06167018786072731,0.9992554187774658
19,0.8163347244262695,0.46197158098220825,-0.7380180954933167,0.9901521801948547
19,0.5555332899093628,0.4082539975643158,0.21315956115722656,0.753666877746582
19,0.6709400415420532,0.4022580087184906,-1.0186049938201904,0.9773874878883362
19,0.45139050483703613,0.3599105477333069,0.09359892457723618,0.8519296646118164
19,0.6359221339225769,0.3880492150783539,-1.0866762399673462,0.9618511199951172
19,0.41043704748153687,0.3407643437385559,0.08220378309488297,0.8296537399291992
19,0.6416509747505188,0.37801826000213623,-1.0807229280471802,0.961462676525116
19,0.4144348204135895,0.33347243070602417,0.051870111376047134,0.8347067832946777
19,0.6506813168525696,0.3810662627220154,-1.0144233703613281,0.9394416213035583
19,0.42979010939598083,0.3395310044288635,0.07474372535943985,0.8250589370727539
19,0.7723091840744019,0.5355151891708374,-0.1649557203054428,0.9997555613517761
19,0.6769492626190186,0.5275135636329651,0.1645239144563675,0.999199628829956
19,0.774105429649353,0.6664971113204956,-0.05664096400141716,0.9941897392272949
19,0.6790356636047363,0.6396201848983765,0.6309818029403687,0.919244110584259
19,0.771037220954895,0.7887755632400513,0.18531979620456696,0.9964901208877563
19,0.6902763843536377,0.7299020290374756,1.2542412281036377,0.9448111653327942
19,0.7876415848731995,0.8086530566215515,0.19706669449806213,0.9599477648735046
19,0.7149249315261841,0.7496986389160156,1.3071181774139404,0.8807857036590576
19,0.6894481778144836,0.8356784582138062,-0.08899206668138504,0.994210422039032
19,0.604711651802063,0.7569820880889893,1.1728731393814087,0.9678298830986023
20,0.7506139874458313,0.2712295651435852,-0.756113588809967,0.9998208284378052
20,0.7731536030769348,0.2576639950275421,-0.7431936264038086,0.9997348785400391
20,0.7836645245552063,0.2583644390106201,-0.7432570457458496,0.9997619986534119
20,0.7939883470535278,0.25907936692237854,-0.743381917476654,0.9997440576553345
20,0.7465766072273254,0.2557891309261322,-0.7126775979995728,0.9996730089187622
20,0.7397069931030273,0.2552374005317688,-0.7127459049224854,0.9995647072792053
20,0.7318751811981201,0.25468680262565613,-0.7127131819725037,0.9994768500328064
20,0.8133446574211121,0.26602283120155334,-0.5612215399742126,0.9996889233589172
20,0.7278004884719849,0.2590577006340027,-0.4166393578052521,0.9991244077682495
20,0.7682310342788696,0.2864459156990051,-0.6788305640220642,0.9997087121009827
20,0.7361868023872375,0.2848837971687317,-0.638466477394104,0.9994380474090576
20,0.862365186214447,0.35362163186073303,-0.5388745665550232,0.9998555183410645
20,0.668518602848053,0.33404383063316345,-0.05419342219829559,0.9993088245391846
20,0.8057754635810852,0.4623538553714752,-0.6709781885147095,0.9906188249588013
20,0.5807203650474548,0.41975387930870056,0.08563124388456345,0.7527974247932434
20,0.6626444458961487,0.40459370613098145,-0.8869478702545166,0.9785385131835938
20,0.47584906220436096,0.3823675513267517,-0.2092440277338028,0.8605037331581116
20,0.6243704557418823,0.39417606592178345,-0.9510611891746521,0.9634724855422974
20,0.4388442933559418,0.36120447516441345,-0.2516316771507263,0.8378955721855164
20,0.6304481625556946,0.3840758204460144,-0.9431096315383911,0.9630846381187439
20,0.44385138154029846,0.3526076674461365,-0.2915251553058624,0.8426969647407532
20,0.6405453681945801,0.38597995042800903,-0.8802207112312317,0.941780686378479
20,0.45597967505455017,0.35838472843170166,-0.23674613237380981,0.8323363065719604
20,0.7717070579528809,0.5378135442733765,-0.16287782788276672,0.9997694492340088
20,0.6770334839820862,0.5311039090156555,0.16249391436576843,0.9992426633834839
20,0.7744271159172058,0.6726185083389282,-0.04087141528725624,0.994636058807373
20,0.6813176274299622,0.6429187059402466,0.6221977472305298,0.9231904149055481
20,0.7708438634872437,0.7930711507797241,0.2265232652425766,0.9966295957565308
20,0.690365731716156,0.7318778038024902,1.2479971647262573,0.9471156001091003
20,0.7867604494094849,0.8114738464355469,0.24008473753929138,0.9602924585342407
20,0.7149541974067688,0.7521042227745056,1.3008484840393066,0.8841912150382996
20,0.6894225478172302,0.8390823602676392,-0.05126041918992996,0.9944430589675903
20,0.6047155261039734,0.75953209400177,1.1620402336120605,0.9693360924720764
21,0.7500565648078918,0.27326077222824097,-0.7369638085365295,0.9998358488082886
21,0.7723965048789978,0.2596665918827057,-0.7232571244239807,0.9997562766075134
21,0.7833917140960693,0.26039746403694153,-0.7233721613883972,0.9997809529304504
21,0.793922483921051,0.2611595094203949,-0.7234941124916077,0.9997643828392029
21,0.7450187802314758,0.25804319977760315,-0.6895632743835449,0.9996994137763977
21,0.7377815246582031,0.25762104988098145,-0.6895599961280823,0.9995998740196228
21,0.7293941974639893,0.2571910321712494,-0.6895037889480591,0.9995183944702148
21,0.8126564621925354,0.26821765303611755,-0.535236120223999,0.9997149109840393
21,0.7263628840446472,0.2620541453361511,-0.37847861647605896,0.9991910457611084
21,0.7678310871124268,0.2885152995586395,-0.6584667563438416,0.9997349381446838
21,0.7356017827987671,0.28704217076301575,-0.6144785284996033,0.9994872212409973
21,0.8584986329078674,0.3538475036621094,-0.5288054943084717,0.9998665452003479
21,0.6722592115402222,0.3395812511444092,-0.007667311001569033,0.9993467926979065
21,0.7997663021087646,0.46222227811813354,-0.6391950249671936,0.9908337593078613
21,0.6048668026924133,0.428636372089386,0.12146538496017456,0.7311829328536987
21,0.6573968529701233,0.4084567129611969,-0.8252018690109253,0.9788585305213928
21,0.4977421164512634,0.40390101075172424,-0.15562118589878082,0.8591374754905701
21,0.6183135509490967,0.4001712203025818,-0.8898038268089294,0.9637882709503174
21,0.46355298161506653,0.38792353868484497,-0.1979774534702301,0.8358636498451233
21,0.6221945881843567,0.39066052436828613,-0.8811314105987549,0.9634212851524353
21,0.4669959545135498,0.3781678080558777,-0.24469663202762604,0.8408856391906738
21,0.6323701739311218,0.3911561965942383,-0.8181220293045044,0.9422430396080017
21,0.47968780994415283,0.3825353682041168,-0.18665605783462524,0.8291747570037842
21,0.770755410194397,0.5406133532524109,-0.1630091518163681,0.9997816681861877
21,0.677061140537262,0.5349085330963135,0.16262885928153992,0.9992782473564148
21,0.7752155065536499,0.6769394278526306,-0.05118659883737564,0.9949989914894104
21,0.6832917928695679,0.646291971206665,0.6117937564849854,0.926821768283844
21,0.770808756351471,0.7957457304000854,0.23297686874866486,0.9967333078384399
21,0.6904320120811462,0.7352169156074524,1.2279003858566284,0.9494699835777283
21,0.786777913570404,0.8138276934623718,0.24873152375221252,0.9603277444839478
21,0.7149916887283325,0.7552312612533569,1.2796541452407837,0.8875876665115356
21,0.6892431378364563,0.8416635394096375,-0.0458439365029335,0.9946210980415344
21,0.6047676205635071,0.7618545889854431,1.1373438835144043,0.9707415699958801
22,0.7464609742164612,0.2794841527938843,-0.671661913394928,0.9998489618301392
22,0.767681360244751,0.2663075029850006,-0.6632400751113892,0.9997740387916565
22,0.7793723940849304,0.26696211099624634,-0.6633846759796143,0.9997966885566711
22,0.7899474501609802,0.2674156129360199,-0.6635110974311829,0.9997817277908325
22,0.7415924668312073,0.26483988761901855,-0.6256994605064392,0.9997208118438721
22,0.7340508103370667,0.26442426443099976,-0.6256431937217712,0.9996277689933777
22,0.7261340022087097,0.26404696702957153,-0.6255908012390137,0.9995503425598145
22,0.809451699256897,0.2742953300476074,-0.499968558549881,0.999737024307251
22,0.7254457473754883,0.26885363459587097,-0.3256895840167999,0.9992386102676392
22,0.7657719254493713,0.2945381999015808,-0.6028221845626831,0.9997578859329224
22,0.733539342880249,0.29303762316703796,-0.5534124970436096,0.9995284080505371
22,0.8534817099571228,0.3575401306152344,-0.5079067349433899,0.9998769164085388
22,0.6831864714622498,0.3472890257835388,0.027493854984641075,0.9993640184402466
22,0.795744001865387,0.4655487537384033,-0.603790819644928,0.9910217523574829
22,0.6354551315307617,0.4403808116912842,0.15602676570415497,0.6853118538856506
22,0.6529883742332458,0.4210573136806488,-0.7533847093582153,0.9794466495513916
22,0.5330297946929932,0.4323756694793701,-0.08576683700084686,0.8396119475364685
22,0.6123836636543274,0.41518086194992065,-0.8150454163551331,0.9646997451782227
22,0.5019569993019104,0.42194581031799316,-0.1244480237364769,0.8189222812652588
22,0.6140986084938049,0.4046594202518463,-0.8113980889320374,0.9643570780754089
22,0.505858838558197,0.41210222244262695,-0.18196122348308563,0.8248510360717773
22,0.6255125403404236,0.40533843636512756,-0.7472352981567383,0.9435928463935852
22,0.5212965607643127,0.41594237089157104,-0.12076178938150406,0.8119866251945496
22,0.7685962915420532,0.5465141534805298,-0.16110238432884216,0.9997873306274414
22,0.6762983798980713,0.5401405692100525,0.16078852117061615,0.9992857575416565
22,0.7769803404808044,0.6807031035423279,-0.04682521894574165,0.9952983260154724
22,0.6847466230392456,0.6520103216171265,0.5667825937271118,0.9312302470207214
22,0.7714451551437378,0.8015848398208618,0.20749734342098236,0.9968283772468567
22,0.6904853582382202,0.7440944910049438,1.1170520782470703,0.9521181583404541
22,0.7871842384338379,0.8209420442581177,0.22233539819717407,0.9600415229797363
22,0.7150999307632446,0.7626340985298157,1.1607263088226318,0.8913131952285767
22,0.689712643623352,0.8487183451652527,-0.06395860761404037,0.9948171377182007
22,0.6046380400657654,0.7702314853668213,1.017967700958252,0.9722262620925903
23,0.7428939938545227,0.28311726450920105,-0.6479636430740356,0.9998614192008972
23,0.7626289129257202,0.2699820399284363,-0.6410056352615356,0.9997909665107727
23,0.7750470638275146,0.27081507444381714,-0.6411636471748352,0.9998117089271545
23,0.7861097455024719,0.27145230770111084,-0.6413125395774841,0.9997982382774353
23,0.7371571063995361,0.2684122920036316,-0.601258397102356,0.9997415542602539
23,0.7289766669273376,0.2679906487464905,-0.6011682748794556,0.9996547102928162
23,0.7217531204223633,0.26759761571884155,-0.6011245846748352,0.9995810985565186
23,0.806481659412384,0.27842384576797485,-0.4844048023223877,0.9997581243515015
23,0.7228070497512817,0.2723916471004486,-0.29949477314949036,0.9992849826812744
23,0.7621225714683533,0.2982134521007538,-0.5813866257667542,0.9997793436050415
23,0.7306233048439026,0.29644304513931274,-0.528957724571228,0.9995672106742859
23,0.8496975302696228,0.3596639931201935,-0.4964107871055603,0.9998872876167297
23,0.6892395615577698,0.35029563307762146,0.05047372728586197,0.9993812441825867
23,0.7958981990814209,0.4689716398715973,-0.5664575099945068,0.991394579410553
23,0.6497762799263,0.443714439868927,0.1801910549402237,0.6349852085113525
23,0.6426732540130615,0.42995357513427734,-0.6738677620887756,0.9804496169090271
23,0.5454394221305847,0.44952353835105896,-0.0912519320845604,0.8126388788223267
23,0.6038438677787781,0.42804279923439026,-0.7360054850578308,0.9662456512451172
23,0.5201935172080994,0.4479115903377533,-0.13748657703399658,0.7965276837348938
23,0.6040506362915039,0.41627246141433716,-0.735077440738678,0.965934693813324
23,0.5226476192474365,0.43748608231544495,-0.2015477567911148,0.8033758401870728
23,0.615509569644928,0.41643935441970825,-0.6675176024436951,0.9459414482116699
23,0.5338308811187744,0.4374735355377197,-0.1300303190946579,0.7897499203681946
23,0.7661513686180115,0.5496875047683716,-0.16086697578430176,0.999796450138092
23,0.6755180358886719,0.5426014065742493,0.16060002148151398,0.9993016123771667
23,0.7774558067321777,0.6833645105361938,-0.04625975713133812,0.9956275224685669
23,0.6857416033744812,0.6540013551712036,0.5717688798904419,0.9346516728401184
23,0.7718136310577393,0.8048528432846069,0.19037684798240662,0.9969418048858643
23,0.6905311346054077,0.7473397850990295,1.1269536018371582,0.9544764757156372
23,0.7876512408256531,0.8255496025085449,0.1967785656452179,0.9606508612632751
23,0.7151788473129272,0.7661355137825012,1.170734167098999,0.8951963186264038
23,0.6896634101867676,0.8518711924552917,-0.09456149488687515,0.9950329065322876
23,0.6034386157989502,0.774108350276947,1.035949468612671,0.9735670685768127
24,0.7391384840011597,0.28204673528671265,-0.6662237048149109,0.9998734593391418
24,0.7578458189964294,0.26837408542633057,-0.65735924243927,0.9998076558113098
24,0.7705313563346863,0.2690921425819397,-0.6574798822402954,0.9998264908790588
24,0.7828445434570312,0.26972025632858276,-0.6576315760612488,0.9998143315315247
24,0.7312973141670227,0.2670658528804779,-0.6200176477432251,0.9997624754905701
24,0.7232774496078491,0.26677989959716797,-0.6199707388877869,0.9996824264526367
24,0.7161194086074829,0.2664949595928192,-0.6199304461479187,0.9996135830879211
24,0.8038872480392456,0.2771681249141693,-0.4924594461917877,0.9997783303260803
24,0.7163224220275879,0.2718398869037628,-0.31718119978904724,0.999335765838623
24,0.7588338851928711,0.2971326410770416,-0.5964869856834412,0.9997995495796204
24,0.7261797785758972,0.2953718900680542,-0.5474293231964111,0.9996050000190735
24,0.847169816493988,0.35956594347953796,-0.49770715832710266,0.9998969435691833
24,0.6931985020637512,0.3512636423110962,0.03748227283358574,0.9994063377380371
24,0.7975451350212097,0.47264450788497925,-0.5339937806129456,0.9918293952941895
24,0.6720396280288696,0.4487221837043762,0.1741274893283844,0.5869021415710449
24,0.6399206519126892,0.43934935331344604,-0.5849367380142212,0.9812776446342468
24,0.577613890171051,0.4636255204677582,-0.13114455342292786,0.7819830179214478
24,0.601972758769989,0.4419875741004944,-0.6424317955970764,0.9672142863273621
24,0.5371255278587341,0.47129026055336,-0.1833101511001587,0.7694120407104492
24,0.6007968187332153,0.43082037568092346,-0.6418164968490601,0.9669304490089417
24,0.5382186770439148,0.4624956548213959,-0.2511040270328522,0.7767269015312195
24,0.6124879121780396,0.4299837052822113,-0.577279806137085,0.9475129246711731
24,0.5541473031044006,0.4583284854888916,-0.17186591029167175,0.7624993920326233
24,0.7648152112960815,0.5519556999206543,-0.1607833355665207,0.9998074173927307
24,0.6751701235771179,0.5443686246871948,0.16054707765579224,0.9993277788162231
24,0.7774769067764282,0.6862266659736633,-0.027409985661506653,0.9959378838539124
24,0.6866918206214905,0.6565290689468384,0.5896114706993103,0.9373655319213867
24,0.7718353271484375,0.8057855367660522,0.2085217833518982,0.9970481991767883
24,0.6905216574668884,0.747868537902832,1.1595022678375244,0.9567351937294006
24,0.787899374961853,0.8262995481491089,0.21676860749721527,0.9615481495857239
24,0.7152397036552429,0.7669051885604858,1.2021701335906982,0.8993445038795471
24,0.6886624693870544,0.8526157140731812,-0.07194815576076508,0.9952397346496582
24,0.6015325784683228,0.7743945717811584,1.0795412063598633,0.9748888611793518
25,0.7378795146942139,0.2829970717430115,-0.6571318507194519,0.9998840689659119
25,0.755466878414154,0.26879286766052246,-0.6495819091796875,0.9998213052749634
25,0.7677567601203918,0.26921993494033813,-0.6497303247451782,0.999838650226593
25,0.7802692651748657,0.26962044835090637,-0.6498703956604004,0.9998276233673096
25,0.7277318239212036,0.26817935705184937,-0.6108487248420715,0.9997796416282654
25,0.7196839451789856,0.26810139417648315,-0.6107447147369385,0.9997051954269409
25,0.711116373538971,0.26801854372024536,-0.6107155084609985,0.9996397495269775
25,0.8010848164558411,0.276930034160614,-0.49188610911369324,0.9997951984405518
25,0.7088387608528137,0.27327871322631836,-0.31131866574287415,0.9993728995323181
25,0.7584308385848999,0.2978905737400055,-0.5907976627349854,0.9998174905776978
25,0.7243772745132446,0.29662764072418213,-0.5394853949546814,0.9996381998062134
25,0.8458436727523804,0.35929203033447266,-0.4869275689125061,0.9999063611030579
25,0.6953016519546509,0.3520767390727997,0.0339818000793457,0.9994333982467651
25,0.8004736304283142,0.47428107261657715,-0.48452186584472656,0.9923737049102783
25,0.6756328344345093,0.44976791739463806,0.182789146900177,0.547440767288208
25,0.6439062356948853,0.4490353465080261,-0.5288450121879578,0.9824207425117493
25,0.5862578749656677,0.47272974252700806,-0.09720245748758316,0.7571557760238647
25,0.6065635085105896,0.45430102944374084,-0.5865222215652466,0.9687841534614563
25,0.5458499789237976,0.4909387230873108,-0.14868426322937012,0.7466689944267273
25,0.6056660413742065,0.44434064626693726,-0.5909832715988159,0.9685050845146179
25,0.5511189699172974,0.48442578315734863,-0.22150611877441406,0.7542210221290588
25,0.6168507933616638,0.44284215569496155,-0.5228716135025024,0.9499884247779846
25,0.5662901401519775,0.4769594073295593,-0.13837692141532898,0.739860475063324
25,0.764945924282074,0.5524579286575317,-0.157761812210083,0.9998189806938171
25,0.6762171387672424,0.5459097623825073,0.15766459703445435,0.9993523359298706
25,0.7785118222236633,0.6852702498435974,-0.03431863337755203,0.9962132573127747
25,0.6899128556251526,0.6585711240768433,0.5898054242134094,0.9393168687820435
25,0.7722086310386658,0.8050611615180969,0.19911792874336243,0.9971581697463989
25,0.6915543079376221,0.7483019232749939,1.1618289947509766,0.9586670994758606
25,0.7881184220314026,0.8253232836723328,0.2012338638305664,0.962250292301178
25,0.7156534194946289,0.7672824263572693,1.2059277296066284,0.9029154777526855
25,0.6887146234512329,0.8528122901916504,-0.09208265691995621,0.9954460859298706
25,0.6013404726982117,0.7740930318832397,1.079594612121582,0.9761276841163635
26,0.7337710857391357,0.2836599349975586,-0.6608384251594543,0.9998946785926819
26,0.7507942318916321,0.26912015676498413,-0.6549393534660339,0.9998364448547363
26,0.7628976702690125,0.26924747228622437,-0.6550623774528503,0.9998523592948914
26,0.7756540179252625,0.26934894919395447,-0.6551970839500427,0.9998423457145691
26,0.7236098647117615,0.2690815329551697,-0.6171388626098633,0.9997984766960144
26,0.7154657244682312,0.2689809203147888,-0.6170400381088257,0.9997305274009705
26,0.7060266137123108,0.26888978481292725,-0.6170157194137573,0.9996700882911682
26,0.7981852889060974,0.27662038803100586,-0.49811485409736633,0.9998133182525635
26,0.704319953918457,0.27430030703544617,-0.3151280879974365,0.9994236826896667
26,0.7549657821655273,0.29878342151641846,-0.5965888500213623,0.9998347759246826
26,0.7209925055503845,0.29746168851852417,-0.5465296506881714,0.9996715188026428
26,0.8457638025283813,0.3596600294113159,-0.48865291476249695,0.9999151229858398
26,0.6985717415809631,0.35247671604156494,-0.00019047535897698253,0.9994680881500244
26,0.8086303472518921,0.47724732756614685,-0.48224788904190063,0.9928832650184631
26,0.6854851245880127,0.45457950234413147,0.14907793700695038,0.5110301971435547
26,0.6465280055999756,0.4605247378349304,-0.4923354685306549,0.9832836985588074
26,0.5942073464393616,0.49167317152023315,-0.09040448814630508,0.724360466003418
26,0.6092373728752136,0.466479629278183,-0.5413892269134521,0.9696868658065796
26,0.5623223781585693,0.5189357995986938,-0.14017353951931,0.7146005630493164
26,0.6088207960128784,0.4578765332698822,-0.5452560186386108,0.969379723072052
26,0.5679219365119934,0.5155646204948425,-0.21036575734615326,0.722017765045166
26,0.619977593421936,0.45613783597946167,-0.48499879240989685,0.9515246748924255
26,0.5809286236763,0.5056768655776978,-0.12974244356155396,0.7080956697463989
26,0.7656962275505066,0.5517280697822571,-0.15414269268512726,0.9998310804367065
26,0.6799171566963196,0.5451259016990662,0.15406717360019684,0.9993863105773926
26,0.7801513671875,0.6861475706100464,-0.0278137419372797,0.9964537620544434
26,0.6920696496963501,0.6588858366012573,0.5850220918655396,0.9407285451889038
26,0.7722569108009338,0.8056957125663757,0.1951686292886734,0.9972329139709473
26,0.6928333640098572,0.7482525110244751,1.13792884349823,0.9602048993110657
26,0.7881492376327515,0.8257225751876831,0.20103049278259277,0.9624614119529724
26,0.716705322265625,0.7676630020141602,1.1805540323257446,0.9054240584373474
26,0.6876514554023743,0.8521687388420105,-0.09343475848436356,0.9955796599388123
26,0.6015903353691101,0.7736871838569641,1.062041163444519,0.9771265983581543
27,0.7278753519058228,0.2839868366718292,-0.6650489568710327,0.9999033212661743
27,0.7450575232505798,0.2693062424659729,-0.659142792224884,0.9998478293418884
27,0.7565193176269531,0.2692210376262665,-0.6592623591423035,0.9998628497123718
27,0.7689869999885559,0.2691808342933655,-0.659406304359436,0.9998539686203003
27,0.7192230224609375,0.2694283723831177,-0.6214141249656677,0.9998123645782471
27,0.7103980779647827,0.2692803740501404,-0.6213212013244629,0.9997493028640747
27,0.701505720615387,0.2693077325820923,-0.6212998628616333,0.9996916651725769
27,0.7925927042961121,0.2763470709323883,-0.5099726915359497,0.9998286962509155
27,0.699630856513977,0.2749177813529968,-0.3158837556838989,0.9994571208953857
27,0.7482624650001526,0.29932159185409546,-0.6002366542816162,0.999849796295166
27,0.7158938050270081,0.29807740449905396,-0.5508034229278564,0.9996991753578186
27,0.8424233198165894,0.35980406403541565,-0.5119999647140503,0.999923050403595
27,0.6988479495048523,0.3521101176738739,-0.004043543245643377,0.9994843602180481
27,0.8180289268493652,0.477282851934433,-0.5074772834777832,0.9933948516845703
27,0.6929728388786316,0.4547078013420105,0.14638733863830566,0.47080034017562866
27,0.6480735540390015,0.4754282534122467,-0.4938923716545105,0.9839568734169006
27,0.6215803623199463,0.5014520287513733,-0.08133922517299652,0.6775351762771606
27,0.6105387210845947,0.48701590299606323,-0.5427849888801575,0.970039963722229
27,0.5985420942306519,0.5307103395462036,-0.12687212228775024,0.6697624325752258
27,0.6090441942214966,0.4784863591194153,-0.5457170605659485,0.9696688055992126
27,0.5976466536521912,0.5282992720603943,-0.19401684403419495,0.6767815351486206
27,0.6207297444343567,0.475238174200058,-0.48534926772117615,0.9522672295570374
27,0.6077573299407959,0.5178849101066589,-0.1198812797665596,0.6635453701019287
27,0.7658218145370483,0.5517409443855286,-0.15382370352745056,0.9998408555984497
27,0.680668294429779,0.5449107885360718,0.15374593436717987,0.9994078278541565
27,0.780269980430603,0.6868711709976196,-0.02422965317964554,0.9966194033622742
27,0.6923035979270935,0.6598570346832275,0.5696716904640198,0.9410914182662964
27,0.772059440612793,0.8054006695747375,0.19313687086105347,0.997199535369873
27,0.6928662061691284,0.7487298846244812,1.1007969379425049,0.9612579941749573
27,0.787611722946167,0.8253551721572876,0.19939658045768738,0.9621702432632446
27,0.7167304754257202,0.7683773040771484,1.141087532043457,0.9075664281845093
27,0.6864767074584961,0.8513078689575195,-0.08793274313211441,0.9955573678016663
27,0.6011487245559692,0.7730366587638855,1.0193288326263428,0.9778479337692261
